request_id;region;latitude;longitude;address;work_type;bk_request_type;hd_request_type;connection_type;gigabit_connection;required_skill;window_start;window_end;service_time_min;priority;required_transport;status
REQ_001;east;55.700867;37.782225;Москва, пр-кт.Волгоградский, д. 128 к 5;connection;Подключение;Конвергенция абонента;FMC;Нет;connection;20:00;22:00;70;2;;active
REQ_002;east;55.739716;37.659874;Москва, пер.Маяковского, д. 2;connection;Подключение;Конвергенция абонента;FMC;Нет;connection;18:00;20:00;70;2;;active
REQ_003;east;55.718380;37.732000;Москва, ул.Грайвороновская, д. 10 к 2;connection;Подключение;Заявка на подключение;;Да;connection;18:00;20:00;70;2;;active
REQ_004;east;55.726984;37.765812;Москва, ул.Михайлова, д. 14;connection;Подключение;Конвергенция абонента;FMC;Нет;connection;20:00;22:00;70;2;;active
REQ_005;east;55.721959;37.782045;Москва, ул.3-я Институтская, д. 5 к 2;connection;Подключение;Конвергенция абонента;FMC;Нет;connection;18:00;20:00;70;2;;active
REQ_006;east;55.714389;37.789743;Москва, ул.1-я Новокузьминская, д. 16 к 1;connection;Подключение;Конвергенция абонента;FMC;Нет;connection;18:00;20:00;70;2;;active
REQ_007;east;55.714460;37.769477;Москва, ул.Окская, д. 32;connection;Подключение;Конвергенция абонента;FMC;Нет;connection;20:00;22:00;70;2;;active
REQ_008;east;55.698097;37.778550;Москва, ул.Юных Ленинцев, д. 84;connection;Подключение;Конвергенция абонента;FMC;Нет;connection;16:00;18:00;70;2;;active
REQ_009;east;55.743178;37.687749;Москва, ул.Международная, д. 28 стр. 1;connection;Подключение;Конвергенция абонента;FMC;Нет;connection;10:00;12:00;70;2;;active
REQ_010;east;55.741034;37.684048;Москва, ул.Новорогожская, д. 8;connection;Подключение;Конвергенция абонента;FMC;Нет;connection;12:00;14:00;70;2;;active
REQ_011;east;55.696509;37.741935;Москва, ул.Чистова, д. 12;connection;Подключение;Конвергенция абонента;FMC;Нет;connection;16:00;18:00;70;2;;active
REQ_012;east;55.721883;37.790714;Москва, ул.Паперника, д. 19;connection;Подключение;Конвергенция абонента;FMC;Нет;connection;12:00;14:00;70;2;;active
REQ_013;east;55.717639;37.779422;Москва, ул.Окская, д. 48/2;connection;Подключение;Конвергенция абонента;FMC;Нет;connection;14:00;16:00;70;2;;active
REQ_014;east;55.701927;37.676762;Москва, ул.Трофимова, д. 24 к 2;connection;Подключение;Конвергенция абонента;FMC;Нет;connection;16:00;18:00;70;2;;active
REQ_015;east;55.726791;37.669558;Москва, ул.1-я Дубровская, д. 6;connection;Подключение;Конвергенция абонента;FMC;Нет;connection;14:00;16:00;70;2;;active
REQ_016;east;55.745635;37.677795;Москва, ул.Рогожский Вал, д. 2/50;connection;Подключение;Конвергенция абонента;FMC;Нет;connection;12:00;14:00;70;2;;active
REQ_017;east;55.737005;37.673340;Москва, ул.Талалихина, д. 2/1 к 4;connection;Подключение;Конвергенция абонента;FMC;Нет;connection;10:00;12:00;70;2;;active
REQ_018;east;55.697316;37.736518;Москва, ул.Артюхиной, д. 20А;connection;Подключение;Конвергенция абонента;FMC;Нет;connection;14:00;16:00;70;2;;active
REQ_019;east;55.698026;37.743822;Москва, ул.Малышева, д. 13;connection;Подключение;Конвергенция абонента;FMC;Нет;connection;10:00;12:00;70;2;;active
REQ_020;east;55.731435;37.759515;Москва, ул.Бронницкая, д. 12;connection;Подключение;Заявка на подключение;;Нет;connection;12:00;14:00;70;2;;active
REQ_021;east;55.752409;37.715776;Москва, ул.Авиамоторная, д. 14;connection;Подключение;Конвергенция абонента;FMC;Нет;connection;12:00;14:00;70;2;;active
REQ_022;east;55.713593;37.772002;Москва, ул.Фёдора Полетаева, д. 2 к 6;connection;Подключение;Конвергенция абонента;FMC;Нет;connection;12:00;14:00;70;2;;active
REQ_023;east;55.727972;37.777203;Москва, ул.Зарайская, д. 51 к 2;connection;Подключение;Конвергенция абонента;FMC;Нет;connection;10:00;12:00;70;2;;active
REQ_024;east;55.714303;37.738297;Москва, ул.Саратовская, д. 14/1;connection;Подключение;Конвергенция абонента;FMC;Нет;connection;14:00;16:00;70;2;;active
REQ_025;east;55.732479;37.718678;Москва, ул.Нижегородская, д. 63;connection;Подключение;Заявка на подключение;;Нет;connection;10:00;12:00;70;2;;active
REQ_026;east;55.736762;37.708347;Москва, ул.Смирновская, д. 6;connection;Подключение;Заказ подключения/Дозаказ оборудования;FTTB;Нет;connection;12:00;14:00;70;2;;active
REQ_027;east;55.732479;37.717797;Москва, ул.Нижегородская, д. 61;connection;Подключение;Конвергенция абонента;FMC;Нет;connection;12:00;14:00;70;2;;active
REQ_028;east;55.711757;37.770933;Москва, ул.Зеленодольская, д. 28Б;connection;Подключение;Конвергенция абонента;FMC;Нет;connection;10:00;12:00;70;2;;active
REQ_029;east;55.698559;37.737794;Москва, ул.Артюхиной, д. 16;connection;Подключение;Конвергенция абонента;FMC;Нет;connection;12:00;14:00;70;2;;active
REQ_030;east;55.733756;37.744567;Москва, ул.3-я Карачаровская, д. 4 к 1;connection;Подключение;Конвергенция абонента;FMC;Нет;connection;14:00;16:00;70;2;;active
REQ_031;east;55.718512;37.790202;Москва, пр-кт.Рязанский, д. 73;connection;Подключение;Конвергенция абонента;FMC;Нет;connection;12:00;14:00;70;2;;active
REQ_032;east;55.701095;37.824921;Москва, ул.Ферганская, д. 28/7;equipment_order;Дозаказ;Дозаказ оборудования;FMC;Нет;connection;18:00;20:00;20;3;;active
REQ_033;east;55.700045;37.819280;Москва, б-р.Самаркандский Квартал 137а, д. к5;equipment_order;Дозаказ;Дозаказ оборудования;FMC;Нет;connection;20:00;22:00;20;3;;active
REQ_034;east;55.769535;37.715462;Москва, ул.Боровая, д. 14;equipment_order;Дозаказ;Заказ подключения/Дозаказ оборудования;FTTB;Да;connection;10:00;12:00;20;3;;active
REQ_035;east;55.734674;37.673807;Москва, ул.Стройковская, д. 8;equipment_order;Дозаказ;Дозаказ оборудования;FMC;Нет;connection;14:00;16:00;20;3;;active
REQ_036;east;55.762667;37.712946;Москва, ул.2-я Синичкина, д. 9 к 1;equipment_order;Дозаказ;Дозаказ оборудования;FMC;Нет;connection;18:00;20:00;20;3;;active
REQ_037;east;55.731374;37.753694;Москва, проезд Орехово-Зуевский, д. 18/8;equipment_order;Дозаказ;Дозаказ оборудования;FMC;Нет;connection;10:00;12:00;20;3;;active
REQ_038;east;55.742032;37.667626;Москва, пер.Большой Рогожский, д. 10 к 2;local;Локальная заявка;Нет линка;;Нет;local;18:00;20:00;30;3;;active
REQ_039;east;55.764202;37.652310;Москва, ул.Машкова, д. 13 стр. 1;local;Локальная заявка;Нет линка;;Нет;local;20:00;22:00;30;3;;active
REQ_040;east;55.706878;37.743148;Москва, ул.11-я Текстильщиков, д. 10;local;Локальная заявка;Переключение на Гбит/с;;Нет;local;18:00;20:00;30;3;;active
REQ_041;east;55.721305;37.793525;Москва, ул.Паперника, д. 18;local;Локальная заявка;Нет линка;;Нет;local;18:00;20:00;30;3;;active
REQ_042;east;55.736169;37.686195;Москва, ул.Большая Калитниковская, д. 38;local;Локальная заявка;Нет линка;;Нет;local;18:00;20:00;30;3;;active
REQ_043;east;55.700045;37.819280;Москва, б-р.Самаркандский Квартал 137а, д. к5;local;Локальная заявка;Переключение на Гбит/с;;Нет;local;20:00;22:00;30;3;;active
REQ_044;east;55.697204;37.762021;Москва, ул.Маршала Чуйкова, д. 9 к 2;local;Локальная заявка;Мониторинг;;Нет;local;18:00;20:00;30;3;;active
REQ_045;east;55.735449;37.676807;Москва, ул.Талалихина, д. 16;local;Локальная заявка;Нет линка;;Нет;local;12:00;14:00;30;3;;active
REQ_046;east;55.696509;37.752203;Москва, б-р.Волжский, д. 50 к 2;local;Локальная заявка;Нет линка;;Нет;local;12:00;14:00;30;3;;active
REQ_047;east;55.702947;37.737785;Москва, ул.Артюхиной, д. 3;local;Локальная заявка;Разрывы;;Нет;local;14:00;16:00;30;3;;active
REQ_048;east;55.693921;37.824562;Москва, проезд.Ферганский, д. 7 к 5;local;Локальная заявка;Нет линка;;Нет;local;12:00;14:00;30;3;;active
REQ_049;east;55.758711;37.657152;Москва, ул.Земляной Вал, д. 24/30 стр. 1;local;Локальная заявка;Нет линка;;Нет;local;12:00;14:00;30;3;;active
REQ_050;east;55.733351;37.747190;Москва, ул.3-я Карачаровская, д. 8 к 2;local;Локальная заявка;Разрывы;;Нет;local;10:00;12:00;30;3;;active
REQ_051;east;55.730593;37.758284;Москва, ул.Чистопольская, д. 2 к 2;local;Локальная заявка;Нет линка;;Нет;local;10:00;12:00;30;3;;active
REQ_052;east;55.770011;37.714851;Москва, ул.Боровая, д. 12;local;Локальная заявка;Работа с кабелем;;Нет;local;10:00;12:00;30;3;;active
REQ_053;east;55.758139;37.697738;Москва, ул.Красноказарменная, д. 9Б стр. 1;local;Локальная заявка;Роутер. Замена техническим специалистом;;Нет;local;14:00;16:00;30;3;;active
REQ_054;east;55.764845;37.716845;Москва, ул.Сторожевая, д. 31;local;Локальная заявка;TVE/ENT. Другие ошибки;;Нет;local;16:00;18:00;30;3;;active
REQ_055;east;55.740102;37.683203;Москва, ул.Новорогожская, д. 10;local;Локальная заявка;Роутер. Замена техническим специалистом;;Нет;local;12:00;14:00;30;3;;active
REQ_056;east;55.741667;37.689968;Москва, ул.Нижегородская, д. 25;local;Локальная заявка;TVE/ENT. Замена приставки техником;;Нет;local;18:00;20:00;30;3;;active
REQ_057;east;55.710377;37.751385;Москва, ул.Окская, д. 6 к 1;local;Локальная заявка;Работа с кабелем;;Нет;local;10:00;12:00;30;3;;active
REQ_058;east;55.707826;37.751826;Москва, пр-кт.Волгоградский, д. 97 к 1;local;Локальная заявка;Нет линка;;Нет;local;14:00;16:00;30;3;;active
REQ_059;east;55.697787;37.812704;Москва, б-р.Самаркандский, д. 32к1;emergency;Глобальная проблема;Информация;;Нет;emergency;16:00;18:00;80;1;;active
REQ_060;east;55.706513;37.826269;Москва, б-р.Самаркандский, д. 10к2;emergency;Глобальная проблема;Информация;;Нет;emergency;16:00;18:00;80;1;;active
REQ_061;east;55.740000;37.687695;Москва, ул.Новорогожская, д. 20;emergency;Глобальная проблема;Информация;;Нет;emergency;14:00;16:00;80;1;;active
REQ_062;east;55.704007;37.813073;Москва, ул.Ташкентская, д. 16к2;emergency;Глобальная проблема;Информация;;Нет;emergency;10:00;12:00;80;1;;active
REQ_063;east;55.714992;37.740076;Москва, ул.Саратовская, д. 16;emergency;Глобальная проблема;Авария;;Нет;emergency;20:00;22:00;80;1;;active
REQ_064;east;55.778456;37.707718;Москва, наб.Семеновская, д. 3/1к2;emergency;Глобальная проблема;Авария;;Нет;emergency;10:00;12:00;80;1;;active
REQ_065;east;55.777267;37.704727;Москва, наб.Семеновская, д. 2/1;emergency;Глобальная проблема;Информация;;Нет;emergency;16:00;18:00;80;1;;active
REQ_066;east;55.702318;37.782826;Москва, пр-кт.Волгоградский, д. 128к1;emergency;Глобальная проблема;Авария;;Нет;emergency;20:00;22:00;80;1;;active
REQ_TEST_01;east;55.750000;37.710000;Москва, ул. Тестовая, д.1;emergency;Глобальная проблема;Авария;;Нет;emergency;14:00;16:00;80;1;bicycle;active
REQ_TEST_02;east;55.708000;37.780000;Москва, ул. Тестовая, д.2;local;Локальная заявка;Разрывы;;Нет;local;12:00;14:00;30;3;pedestrian;active
